"","LDA","QDA","NB"
"Gender",0.990641032869144,0.986694480464566,0.876980323617297
"Position",0.68072391046964,0.7730168574167,0.554828888763601
